Date,Zone_ID,Zone_Name,System_Input_m3,Billed_Authorized_Consumption_m3,Unbilled_Authorized_Consumption_m3,Apparent_Loss_m3,Real_Loss_m3,NRW_Volume_m3,NRW_Percentage,Data_Reliability_pct,Status
2026-05-27,DMA-01,Sonia Vihar North,21672.94,18034.42,742.47,797.8,2098.25,3638.52,16.79,96.9,Normal
2026-05-27,DMA-02,Sonia Vihar Central,22387.58,17521.72,748.82,813.89,3303.15,4865.86,21.73,96.1,Normal
2026-05-27,DMA-03,Bhagirathi Corridor,18356.81,13884.39,607.88,644.13,3220.41,4472.43,24.36,96.3,Normal
2026-05-27,DMA-04,Yamuna Bank Pocket,15989.55,12988.91,559.21,536.25,1905.18,3000.63,18.77,96.7,Normal
2026-05-27,DMA-05,Wazirabad Link,17120.49,13670.8,589.21,606.04,2254.44,3449.69,20.15,97.8,Normal
2026-05-27,DMA-06,Sangam Extension,16912.4,13963.0,548.49,595.58,1805.33,2949.4,17.44,98.5,Normal
2026-05-28,DMA-01,Sonia Vihar North,20595.47,16749.14,708.68,689.92,2447.73,3846.33,18.68,96.7,Normal
2026-05-28,DMA-02,Sonia Vihar Central,21834.68,17350.36,783.32,767.48,2933.51,4484.31,20.54,98.1,Normal
2026-05-28,DMA-03,Bhagirathi Corridor,19294.41,14980.77,679.63,656.96,2977.05,4313.64,22.36,94.1,Normal
2026-05-28,DMA-04,Yamuna Bank Pocket,15422.44,12101.91,540.53,561.7,2218.29,3320.52,21.53,98.0,Normal
2026-05-28,DMA-05,Wazirabad Link,17636.76,13449.3,571.81,656.96,2958.69,4187.47,23.74,94.4,Normal
2026-05-28,DMA-06,Sangam Extension,16604.68,13742.58,571.43,586.87,1703.81,2862.1,17.24,99.4,Normal
2026-05-29,DMA-01,Sonia Vihar North,19994.95,16297.13,739.13,669.09,2289.6,3697.82,18.49,98.1,Normal
2026-05-29,DMA-02,Sonia Vihar Central,22294.94,17020.86,784.82,783.81,3705.46,5274.08,23.66,97.3,Normal
2026-05-29,DMA-03,Bhagirathi Corridor,19044.02,14602.38,666.69,704.66,3070.28,4441.63,23.32,96.5,Normal
2026-05-29,DMA-04,Yamuna Bank Pocket,15713.27,12405.82,493.32,528.45,2285.68,3307.45,21.05,97.1,Normal
2026-05-29,DMA-05,Wazirabad Link,16586.5,12764.48,630.57,572.24,2619.21,3822.02,23.04,97.6,Normal
2026-05-29,DMA-06,Sangam Extension,15966.33,12978.64,530.43,588.5,1868.76,2987.7,18.71,96.6,Normal
2026-05-30,DMA-01,Sonia Vihar North,21485.5,17430.28,779.95,804.86,2470.42,4055.23,18.87,99.9,Normal
2026-05-30,DMA-02,Sonia Vihar Central,23817.38,18542.59,755.42,888.64,3630.73,5274.79,22.15,94.6,Normal
2026-05-30,DMA-03,Bhagirathi Corridor,19620.59,15139.02,744.49,655.87,3081.21,4481.56,22.84,97.2,Normal
2026-05-30,DMA-04,Yamuna Bank Pocket,16330.01,12921.53,607.09,587.84,2213.55,3408.48,20.87,95.5,Normal
2026-05-30,DMA-05,Wazirabad Link,18053.74,14001.98,645.61,692.13,2714.02,4051.76,22.44,97.4,Normal
2026-05-30,DMA-06,Sangam Extension,17016.08,14102.81,607.55,543.98,1761.73,2913.26,17.12,98.4,Normal
2026-05-31,DMA-01,Sonia Vihar North,21509.98,17605.42,737.46,750.3,2416.81,3904.56,18.15,95.8,Normal
2026-05-31,DMA-02,Sonia Vihar Central,22481.78,17902.23,757.5,795.71,3026.34,4579.55,20.37,96.7,Normal
2026-05-31,DMA-03,Bhagirathi Corridor,20291.16,15531.06,749.35,737.2,3273.56,4760.1,23.46,99.3,Normal
2026-05-31,DMA-04,Yamuna Bank Pocket,15739.11,12868.3,529.11,520.84,1820.86,2870.81,18.24,95.4,Normal
2026-05-31,DMA-05,Wazirabad Link,17956.28,14095.0,671.95,568.53,2620.8,3861.28,21.5,97.4,Normal
2026-05-31,DMA-06,Sangam Extension,16714.14,13611.64,568.79,587.75,1945.96,3102.5,18.56,96.1,Normal
2026-06-01,DMA-01,Sonia Vihar North,19770.32,16111.22,712.01,705.78,2241.3,3659.09,18.51,96.3,Normal
2026-06-01,DMA-02,Sonia Vihar Central,22218.86,17349.65,786.43,811.33,3271.46,4869.21,21.91,96.0,Normal
2026-06-01,DMA-03,Bhagirathi Corridor,18483.44,14166.49,728.7,669.04,2919.2,4316.95,23.36,96.8,Normal
2026-06-01,DMA-04,Yamuna Bank Pocket,15193.63,12348.53,510.04,526.27,1808.79,2845.1,18.73,96.5,Normal
2026-06-01,DMA-05,Wazirabad Link,17241.69,13256.67,632.22,616.66,2736.12,3985.01,23.11,96.6,Normal
2026-06-01,DMA-06,Sangam Extension,16221.84,13395.52,571.15,545.6,1709.57,2826.32,17.42,95.6,Normal
2026-06-02,DMA-01,Sonia Vihar North,20283.79,16792.88,764.45,716.43,2010.03,3490.91,17.21,98.1,Normal
2026-06-02,DMA-02,Sonia Vihar Central,22774.33,18078.64,815.38,781.43,3098.87,4695.69,20.62,96.0,Normal
2026-06-02,DMA-03,Bhagirathi Corridor,18272.48,13847.63,648.02,628.39,3148.45,4424.86,24.22,96.9,Normal
2026-06-02,DMA-04,Yamuna Bank Pocket,15020.24,12424.43,567.82,521.22,1506.77,2595.81,17.28,97.4,Normal
2026-06-02,DMA-05,Wazirabad Link,17997.95,14205.13,611.95,646.05,2534.82,3792.81,21.07,95.2,Normal
2026-06-02,DMA-06,Sangam Extension,16431.51,13698.12,521.42,604.6,1607.37,2733.39,16.64,97.6,Normal
2026-06-03,DMA-01,Sonia Vihar North,20233.49,16524.83,738.05,687.29,2283.32,3708.66,18.33,96.2,Normal
2026-06-03,DMA-02,Sonia Vihar Central,21904.81,17509.36,791.07,722.93,2881.46,4395.46,20.07,97.2,Normal
2026-06-03,DMA-03,Bhagirathi Corridor,18856.01,14585.25,646.52,642.62,2981.62,4270.76,22.65,97.7,Normal
2026-06-03,DMA-04,Yamuna Bank Pocket,15393.0,12437.2,545.02,492.11,1918.67,2955.8,19.2,96.7,Normal
2026-06-03,DMA-05,Wazirabad Link,17371.23,13693.39,592.73,583.03,2502.08,3677.84,21.17,95.9,Normal
2026-06-03,DMA-06,Sangam Extension,16397.91,13616.32,553.98,586.74,1640.87,2781.59,16.96,97.3,Normal
2026-06-04,DMA-01,Sonia Vihar North,20103.3,16341.53,764.63,627.99,2369.15,3761.77,18.71,95.0,Normal
2026-06-04,DMA-02,Sonia Vihar Central,22203.59,17799.71,743.38,799.62,2860.88,4403.88,19.83,94.7,Normal
2026-06-04,DMA-03,Bhagirathi Corridor,18599.74,14199.54,679.0,670.53,3050.68,4400.21,23.66,94.6,Normal
2026-06-04,DMA-04,Yamuna Bank Pocket,15603.99,12348.68,543.23,537.54,2174.55,3255.31,20.86,97.9,Normal
2026-06-04,DMA-05,Wazirabad Link,17267.19,13517.57,606.2,537.32,2606.11,3749.63,21.72,97.0,Normal
2026-06-04,DMA-06,Sangam Extension,16304.03,13631.23,583.88,519.18,1569.73,2672.79,16.39,95.6,Normal
2026-06-05,DMA-01,Sonia Vihar North,20440.88,16897.9,704.17,733.64,2105.17,3542.98,17.33,99.5,Normal
2026-06-05,DMA-02,Sonia Vihar Central,22599.47,18226.21,780.17,815.53,2777.57,4373.26,19.35,98.3,Normal
2026-06-05,DMA-03,Bhagirathi Corridor,19208.2,14152.09,652.89,701.19,3702.03,5056.11,26.32,95.1,Warning
2026-06-05,DMA-04,Yamuna Bank Pocket,15280.02,12330.06,515.05,504.0,1930.92,2949.96,19.31,98.8,Normal
2026-06-05,DMA-05,Wazirabad Link,17065.23,13088.51,564.4,634.7,2777.62,3976.72,23.3,97.4,Normal
2026-06-05,DMA-06,Sangam Extension,16858.15,13939.09,592.72,563.42,1762.92,2919.06,17.32,98.2,Normal
2026-06-06,DMA-01,Sonia Vihar North,20867.23,17582.27,689.58,681.36,1914.01,3284.96,15.74,97.5,Normal
2026-06-06,DMA-02,Sonia Vihar Central,22990.74,18024.58,846.92,864.84,3254.41,4966.16,21.6,97.1,Normal
2026-06-06,DMA-03,Bhagirathi Corridor,19508.25,14751.74,697.46,603.36,3455.7,4756.51,24.38,96.9,Normal
2026-06-06,DMA-04,Yamuna Bank Pocket,15941.34,12803.75,552.02,560.64,2024.93,3137.59,19.68,97.2,Normal
2026-06-06,DMA-05,Wazirabad Link,18331.17,14127.12,679.41,645.86,2878.79,4204.05,22.93,97.3,Normal
2026-06-06,DMA-06,Sangam Extension,17115.44,14083.67,616.4,605.86,1809.51,3031.77,17.71,99.7,Normal
2026-06-07,DMA-01,Sonia Vihar North,21022.78,17601.6,735.18,733.13,1952.87,3421.18,16.27,95.9,Normal
2026-06-07,DMA-02,Sonia Vihar Central,23657.54,18639.12,847.98,789.81,3380.63,5018.41,21.21,97.3,Normal
2026-06-07,DMA-03,Bhagirathi Corridor,19666.83,14846.79,692.07,688.13,3439.84,4820.04,24.51,97.7,Normal
2026-06-07,DMA-04,Yamuna Bank Pocket,16739.02,13491.88,590.5,555.4,2101.24,3247.14,19.4,96.1,Normal
2026-06-07,DMA-05,Wazirabad Link,18546.21,14558.35,636.51,677.77,2673.58,3987.86,21.5,96.2,Normal
2026-06-07,DMA-06,Sangam Extension,16770.36,14128.72,626.48,572.36,1442.79,2641.64,15.75,97.9,Normal
2026-06-08,DMA-01,Sonia Vihar North,20843.99,17127.58,722.41,707.55,2286.45,3716.4,17.83,97.2,Normal
2026-06-08,DMA-02,Sonia Vihar Central,22177.19,17798.61,818.53,774.31,2785.74,4378.58,19.74,97.7,Normal
2026-06-08,DMA-03,Bhagirathi Corridor,18912.59,14710.93,662.01,675.16,2864.49,4201.67,22.22,96.8,Normal
2026-06-08,DMA-04,Yamuna Bank Pocket,15846.27,12588.82,521.97,609.92,2125.56,3257.45,20.56,96.1,Normal
2026-06-08,DMA-05,Wazirabad Link,16767.13,13165.26,588.44,555.28,2458.15,3601.88,21.48,97.2,Normal
2026-06-08,DMA-06,Sangam Extension,16080.65,13097.73,576.08,565.8,1841.05,2982.93,18.55,97.8,Normal
2026-06-09,DMA-01,Sonia Vihar North,19988.56,16600.18,665.76,701.19,2021.43,3388.38,16.95,96.4,Normal
2026-06-09,DMA-02,Sonia Vihar Central,21837.37,17406.53,784.0,755.58,2891.25,4430.84,20.29,96.7,Normal
2026-06-09,DMA-03,Bhagirathi Corridor,18739.19,14259.49,626.81,647.32,3205.57,4479.7,23.91,95.9,Normal
2026-06-09,DMA-04,Yamuna Bank Pocket,15823.73,12223.6,550.54,572.27,2477.32,3600.14,22.75,97.2,Normal
2026-06-09,DMA-05,Wazirabad Link,16980.81,12731.18,604.5,622.37,3022.77,4249.63,25.03,96.8,Warning
2026-06-09,DMA-06,Sangam Extension,16664.38,13876.42,582.71,596.84,1608.41,2787.96,16.73,97.0,Normal
2026-06-10,DMA-01,Sonia Vihar North,21041.03,17419.41,738.45,803.02,2080.15,3621.62,17.21,96.3,Normal
2026-06-10,DMA-02,Sonia Vihar Central,22594.84,17993.79,831.62,805.05,2964.37,4601.04,20.36,96.7,Normal
2026-06-10,DMA-03,Bhagirathi Corridor,18700.59,14315.59,726.16,605.65,3053.19,4385.0,23.45,98.3,Normal
2026-06-10,DMA-04,Yamuna Bank Pocket,16014.72,12972.13,562.31,548.64,1931.65,3042.59,19.0,96.4,Normal
2026-06-10,DMA-05,Wazirabad Link,17693.52,13982.76,570.71,593.57,2546.48,3710.76,20.97,96.8,Normal
2026-06-10,DMA-06,Sangam Extension,16115.99,13511.27,549.73,643.33,1411.66,2604.72,16.16,96.4,Normal
2026-06-11,DMA-01,Sonia Vihar North,19958.24,16621.71,690.0,729.95,1916.58,3336.53,16.72,98.7,Normal
2026-06-11,DMA-02,Sonia Vihar Central,22917.75,17987.81,740.61,868.24,3321.09,4929.93,21.51,95.3,Normal
2026-06-11,DMA-03,Bhagirathi Corridor,19673.45,14922.68,679.42,670.87,3400.47,4750.76,24.15,97.1,Normal
2026-06-11,DMA-04,Yamuna Bank Pocket,15350.3,12362.66,535.22,508.11,1944.32,2987.64,19.46,95.8,Normal
2026-06-11,DMA-05,Wazirabad Link,17152.33,12939.29,552.95,637.98,3022.11,4213.05,24.56,98.6,Normal
2026-06-11,DMA-06,Sangam Extension,16702.49,14003.82,598.44,598.19,1502.04,2698.67,16.16,96.1,Normal
2026-06-12,DMA-01,Sonia Vihar North,20932.39,16922.08,825.4,714.07,2470.85,4010.32,19.16,95.8,Normal
2026-06-12,DMA-02,Sonia Vihar Central,24152.7,18775.73,879.16,860.09,3637.73,5376.97,22.26,97.9,Normal
2026-06-12,DMA-03,Bhagirathi Corridor,19262.29,14815.62,622.63,685.75,3138.29,4446.67,23.08,97.4,Normal
2026-06-12,DMA-04,Yamuna Bank Pocket,15902.14,12720.62,533.51,531.75,2116.26,3181.51,20.01,96.9,Normal
2026-06-12,DMA-05,Wazirabad Link,16758.49,12962.78,572.54,578.95,2644.22,3795.71,22.65,100.1,Normal
2026-06-12,DMA-06,Sangam Extension,15929.83,12678.95,567.07,534.55,2149.27,3250.88,20.41,98.5,Normal
2026-06-13,DMA-01,Sonia Vihar North,21332.77,17517.83,696.69,748.94,2369.3,3814.94,17.88,98.7,Normal
2026-06-13,DMA-02,Sonia Vihar Central,23953.48,18974.91,786.92,859.03,3332.62,4978.57,20.78,97.5,Normal
2026-06-13,DMA-03,Bhagirathi Corridor,20288.57,15488.95,730.54,696.83,3372.26,4799.62,23.66,96.3,Normal
2026-06-13,DMA-04,Yamuna Bank Pocket,16575.45,13311.69,588.09,584.13,2091.55,3263.76,19.69,94.3,Normal
2026-06-13,DMA-05,Wazirabad Link,18415.24,14509.99,625.36,666.58,2613.31,3905.25,21.21,96.8,Normal
2026-06-13,DMA-06,Sangam Extension,17187.42,14118.57,600.8,553.57,1914.47,3068.85,17.86,96.6,Normal
2026-06-14,DMA-01,Sonia Vihar North,22403.06,18415.83,771.49,770.14,2445.59,3987.22,17.8,96.1,Normal
2026-06-14,DMA-02,Sonia Vihar Central,23510.86,18296.71,854.43,858.13,3501.59,5214.15,22.18,97.9,Normal
2026-06-14,DMA-03,Bhagirathi Corridor,20135.85,15520.18,716.19,752.08,3147.41,4615.68,22.92,97.6,Normal
2026-06-14,DMA-04,Yamuna Bank Pocket,16140.88,12900.84,590.12,578.21,2071.71,3240.04,20.07,96.3,Normal
2026-06-14,DMA-05,Wazirabad Link,18166.77,14007.17,661.84,678.39,2819.36,4159.6,22.9,95.0,Normal
2026-06-14,DMA-06,Sangam Extension,17313.46,14139.86,563.88,645.48,1964.24,3173.6,18.33,98.5,Normal
2026-06-15,DMA-01,Sonia Vihar North,20510.25,16691.59,707.71,695.93,2415.03,3818.66,18.62,99.6,Normal
2026-06-15,DMA-02,Sonia Vihar Central,23407.67,18720.58,822.29,768.86,3095.94,4687.09,20.02,96.7,Normal
2026-06-15,DMA-03,Bhagirathi Corridor,18729.82,14089.94,700.43,716.71,3222.75,4639.88,24.77,96.8,Normal
2026-06-15,DMA-04,Yamuna Bank Pocket,16002.89,12860.54,539.23,592.86,2010.26,3142.35,19.64,99.1,Normal
2026-06-15,DMA-05,Wazirabad Link,17523.78,13580.06,638.63,606.04,2699.04,3943.72,22.5,98.2,Normal
2026-06-15,DMA-06,Sangam Extension,16926.97,13915.49,610.23,584.32,1816.93,3011.48,17.79,98.5,Normal
2026-06-16,DMA-01,Sonia Vihar North,20428.04,17135.43,804.18,686.94,1801.5,3292.62,16.12,97.4,Normal
2026-06-16,DMA-02,Sonia Vihar Central,23000.43,18121.51,831.48,790.27,3257.16,4878.92,21.21,95.0,Normal
2026-06-16,DMA-03,Bhagirathi Corridor,19071.34,14660.52,641.43,656.13,3113.26,4410.83,23.13,96.8,Normal
2026-06-16,DMA-04,Yamuna Bank Pocket,15876.45,12892.63,570.41,525.53,1887.89,2983.82,18.79,96.6,Normal
2026-06-16,DMA-05,Wazirabad Link,17201.62,13363.66,631.62,641.72,2564.63,3837.97,22.31,98.3,Normal
2026-06-16,DMA-06,Sangam Extension,16897.68,14041.86,577.02,557.57,1721.23,2855.82,16.9,96.6,Normal
2026-06-17,DMA-01,Sonia Vihar North,19990.5,16846.8,730.1,667.78,1745.8,3143.69,15.73,96.8,Normal
2026-06-17,DMA-02,Sonia Vihar Central,22010.78,17225.6,756.25,758.06,3270.87,4785.18,21.74,96.5,Normal
2026-06-17,DMA-03,Bhagirathi Corridor,18747.16,14186.1,694.2,657.34,3209.51,4561.05,24.33,97.0,Normal
2026-06-17,DMA-04,Yamuna Bank Pocket,15432.21,12324.14,505.84,533.26,2068.97,3108.07,20.14,98.6,Normal
2026-06-17,DMA-05,Wazirabad Link,16977.52,13308.78,630.59,602.58,2435.57,3668.74,21.61,96.6,Normal
2026-06-17,DMA-06,Sangam Extension,16584.38,13759.44,606.03,589.7,1629.2,2824.94,17.03,94.9,Normal
2026-06-18,DMA-01,Sonia Vihar North,20124.86,16562.56,741.72,732.48,2088.1,3562.3,17.7,98.2,Normal
2026-06-18,DMA-02,Sonia Vihar Central,22230.48,17394.05,755.79,750.83,3329.81,4836.43,21.76,99.9,Normal
2026-06-18,DMA-03,Bhagirathi Corridor,19578.42,14613.61,699.35,681.1,3584.37,4964.81,25.36,96.6,Warning
2026-06-18,DMA-04,Yamuna Bank Pocket,15842.95,12581.04,541.51,568.54,2151.85,3261.9,20.59,98.8,Normal
2026-06-18,DMA-05,Wazirabad Link,18168.74,14286.45,608.77,659.51,2614.01,3882.29,21.37,96.5,Normal
2026-06-18,DMA-06,Sangam Extension,16329.79,13875.22,612.17,597.79,1244.61,2454.56,15.03,99.2,Normal
2026-06-19,DMA-01,Sonia Vihar North,19217.58,15599.61,695.12,672.01,2250.83,3617.97,18.83,98.5,Normal
2026-06-19,DMA-02,Sonia Vihar Central,21669.56,17434.0,779.31,764.1,2692.16,4235.57,19.55,94.9,Normal
2026-06-19,DMA-03,Bhagirathi Corridor,19769.64,14764.43,644.82,714.49,3645.91,5005.22,25.32,98.5,Warning
2026-06-19,DMA-04,Yamuna Bank Pocket,15563.61,12297.0,532.76,556.78,2177.08,3266.62,20.99,96.3,Normal
2026-06-19,DMA-05,Wazirabad Link,17821.88,13736.8,574.81,673.52,2836.75,4085.07,22.92,96.1,Normal
2026-06-19,DMA-06,Sangam Extension,16528.13,13832.29,559.9,596.77,1539.17,2695.84,16.31,96.5,Normal
2026-06-20,DMA-01,Sonia Vihar North,21051.95,17251.22,801.54,748.53,2250.67,3800.73,18.05,98.2,Normal
2026-06-20,DMA-02,Sonia Vihar Central,23483.93,18407.57,836.32,816.46,3423.58,5076.35,21.62,96.4,Normal
2026-06-20,DMA-03,Bhagirathi Corridor,20033.18,15325.39,679.38,732.51,3295.9,4707.79,23.5,97.0,Normal
2026-06-20,DMA-04,Yamuna Bank Pocket,16725.7,13248.03,560.15,571.99,2345.53,3477.67,20.79,97.0,Normal
2026-06-20,DMA-05,Wazirabad Link,18058.79,14355.55,606.89,569.57,2526.78,3703.24,20.51,97.0,Normal
2026-06-20,DMA-06,Sangam Extension,17351.77,14326.3,614.02,583.75,1827.71,3025.48,17.44,95.8,Normal
2026-06-21,DMA-01,Sonia Vihar North,21724.61,17978.65,782.55,781.47,2181.94,3745.97,17.24,97.5,Normal
2026-06-21,DMA-02,Sonia Vihar Central,23351.9,18641.01,783.6,868.2,3059.08,4710.88,20.17,98.2,Normal
2026-06-21,DMA-03,Bhagirathi Corridor,18926.99,14561.01,689.53,742.19,2934.26,4365.99,23.07,95.6,Normal
2026-06-21,DMA-04,Yamuna Bank Pocket,15837.54,12863.97,566.71,517.03,1889.83,2973.58,18.78,99.6,Normal
2026-06-21,DMA-05,Wazirabad Link,17982.34,13940.87,653.95,700.61,2686.91,4041.47,22.47,96.4,Normal
2026-06-21,DMA-06,Sangam Extension,17392.34,14221.37,607.45,661.83,1901.69,3170.98,18.23,98.9,Normal
2026-06-22,DMA-01,Sonia Vihar North,20173.54,16768.08,712.27,703.3,1989.88,3405.46,16.88,94.7,Normal
2026-06-22,DMA-02,Sonia Vihar Central,22084.82,17174.52,784.94,741.75,3383.62,4910.3,22.23,94.1,Normal
2026-06-22,DMA-03,Bhagirathi Corridor,18882.04,14476.36,636.41,584.39,3184.88,4405.68,23.33,96.6,Normal
2026-06-22,DMA-04,Yamuna Bank Pocket,15269.55,11956.1,529.74,524.16,2259.55,3313.45,21.7,96.0,Normal
2026-06-22,DMA-05,Wazirabad Link,17415.1,13606.24,597.04,615.72,2596.1,3808.86,21.87,96.9,Normal
2026-06-22,DMA-06,Sangam Extension,15939.89,13246.23,574.67,551.73,1567.27,2693.67,16.9,100.2,Normal
2026-06-23,DMA-01,Sonia Vihar North,20384.59,16824.65,720.88,735.91,2103.14,3559.94,17.46,97.8,Normal
2026-06-23,DMA-02,Sonia Vihar Central,21989.17,17436.9,758.25,747.71,3046.31,4552.26,20.7,96.8,Normal
2026-06-23,DMA-03,Bhagirathi Corridor,18626.46,14434.56,625.16,659.91,2906.84,4191.9,22.51,97.3,Normal
2026-06-23,DMA-04,Yamuna Bank Pocket,15501.08,12613.67,556.83,498.9,1831.68,2887.41,18.63,98.9,Normal
2026-06-23,DMA-05,Wazirabad Link,18308.41,14707.44,655.96,605.73,2339.27,3600.97,19.67,97.2,Normal
2026-06-23,DMA-06,Sangam Extension,15793.98,13309.68,568.38,614.11,1301.82,2484.31,15.73,98.1,Normal
2026-06-24,DMA-01,Sonia Vihar North,19980.86,16719.2,697.13,694.44,1870.08,3261.66,16.32,97.4,Normal
2026-06-24,DMA-02,Sonia Vihar Central,22060.26,17278.74,866.25,819.79,3095.49,4781.52,21.67,97.8,Normal
2026-06-24,DMA-03,Bhagirathi Corridor,18752.78,13948.54,690.0,639.78,3474.47,4804.25,25.62,96.7,Warning
2026-06-24,DMA-04,Yamuna Bank Pocket,15952.41,12462.38,554.9,564.05,2371.08,3490.03,21.88,97.9,Normal
2026-06-24,DMA-05,Wazirabad Link,17088.61,13023.46,604.27,572.09,2888.8,4065.15,23.79,97.7,Normal
2026-06-24,DMA-06,Sangam Extension,16769.73,13958.95,550.78,593.87,1666.13,2810.78,16.76,97.3,Normal
2026-06-25,DMA-01,Sonia Vihar North,20025.47,16749.94,708.29,708.1,1859.15,3275.53,16.36,97.0,Normal
2026-06-25,DMA-02,Sonia Vihar Central,23297.36,18833.7,802.33,853.78,2807.54,4463.66,19.16,97.0,Normal
2026-06-25,DMA-03,Bhagirathi Corridor,19054.87,14330.56,660.65,613.76,3449.9,4724.31,24.79,97.0,Normal
2026-06-25,DMA-04,Yamuna Bank Pocket,15262.55,11966.92,537.22,505.52,2252.89,3295.63,21.59,96.2,Normal
2026-06-25,DMA-05,Wazirabad Link,18114.46,13921.36,624.31,601.1,2967.69,4193.1,23.15,98.8,Normal
2026-06-25,DMA-06,Sangam Extension,16409.77,13851.92,586.67,580.6,1390.58,2557.85,15.59,97.7,Normal
2026-06-26,DMA-01,Sonia Vihar North,19492.23,15709.37,698.9,692.89,2391.07,3782.86,19.41,95.6,Normal
2026-06-26,DMA-02,Sonia Vihar Central,22376.03,17606.28,822.73,793.15,3153.87,4769.75,21.32,97.5,Normal
2026-06-26,DMA-03,Bhagirathi Corridor,18378.32,13898.61,616.29,643.86,3219.56,4479.71,24.37,97.0,Normal
2026-06-26,DMA-04,Yamuna Bank Pocket,15872.16,12931.18,553.83,493.45,1893.7,2940.98,18.53,98.8,Normal
2026-06-26,DMA-05,Wazirabad Link,17564.37,13525.77,743.91,617.31,2677.38,4038.6,22.99,96.2,Normal
2026-06-26,DMA-06,Sangam Extension,16144.04,13600.04,548.08,523.38,1472.54,2544.01,15.76,98.6,Normal
2026-06-27,DMA-01,Sonia Vihar North,21408.8,17423.45,783.15,754.12,2448.07,3985.35,18.62,96.6,Normal
2026-06-27,DMA-02,Sonia Vihar Central,23289.33,18501.12,861.25,833.2,3093.76,4788.2,20.56,99.3,Normal
2026-06-27,DMA-03,Bhagirathi Corridor,18987.27,14231.84,604.94,650.22,3500.28,4755.44,25.05,99.2,Warning
2026-06-27,DMA-04,Yamuna Bank Pocket,16640.54,13474.22,591.94,562.93,2011.45,3166.32,19.03,98.9,Normal
2026-06-27,DMA-05,Wazirabad Link,17898.1,13924.54,686.33,643.7,2643.53,3973.56,22.2,98.1,Normal
2026-06-27,DMA-06,Sangam Extension,16938.81,13768.47,553.23,574.42,2042.69,3170.33,18.72,96.6,Normal
2026-06-28,DMA-01,Sonia Vihar North,21415.97,17620.54,753.81,774.54,2267.07,3795.42,17.72,97.4,Normal
2026-06-28,DMA-02,Sonia Vihar Central,24020.62,19100.19,846.73,812.59,3261.1,4920.43,20.48,97.7,Normal
2026-06-28,DMA-03,Bhagirathi Corridor,19030.54,14734.69,699.84,657.51,2938.49,4295.84,22.57,96.5,Normal
2026-06-28,DMA-04,Yamuna Bank Pocket,16771.57,13405.62,613.36,618.1,2134.48,3365.94,20.07,96.0,Normal
2026-06-28,DMA-05,Wazirabad Link,17466.03,13602.63,638.56,609.77,2615.06,3863.39,22.12,98.3,Normal
2026-06-28,DMA-06,Sangam Extension,16651.03,13439.87,584.98,552.56,2073.61,3211.16,19.29,96.4,Normal
2026-06-29,DMA-01,Sonia Vihar North,20310.42,16916.94,738.03,695.12,1960.33,3393.48,16.71,98.5,Normal
2026-06-29,DMA-02,Sonia Vihar Central,23506.93,18575.57,875.04,909.39,3146.93,4931.36,20.98,98.0,Normal
2026-06-29,DMA-03,Bhagirathi Corridor,18587.79,14241.77,620.87,629.26,3095.88,4346.01,23.38,96.5,Normal
2026-06-29,DMA-04,Yamuna Bank Pocket,15614.55,12545.87,520.21,592.55,1955.91,3068.67,19.65,96.9,Normal
2026-06-29,DMA-05,Wazirabad Link,17092.96,13652.91,623.59,610.6,2205.85,3440.05,20.13,97.5,Normal
2026-06-29,DMA-06,Sangam Extension,16354.81,13575.71,578.79,596.06,1604.26,2779.1,16.99,96.1,Normal
2026-06-30,DMA-01,Sonia Vihar North,20663.16,16787.75,776.47,712.45,2386.49,3875.4,18.76,96.5,Normal
2026-06-30,DMA-02,Sonia Vihar Central,21297.64,16707.1,781.93,801.5,3007.1,4590.54,21.55,94.6,Normal
2026-06-30,DMA-03,Bhagirathi Corridor,18195.24,13934.42,624.26,713.4,2923.16,4260.82,23.42,97.8,Normal
2026-06-30,DMA-04,Yamuna Bank Pocket,16048.3,13059.78,561.64,540.82,1886.06,2988.51,18.62,100.1,Normal
2026-06-30,DMA-05,Wazirabad Link,17035.5,13170.7,605.03,586.65,2673.12,3864.8,22.69,95.8,Normal
2026-06-30,DMA-06,Sangam Extension,16409.18,13668.2,579.99,533.67,1627.32,2740.98,16.7,95.2,Normal
2026-07-01,DMA-01,Sonia Vihar North,20373.76,17009.25,748.38,714.18,1901.95,3364.51,16.51,95.5,Normal
2026-07-01,DMA-02,Sonia Vihar Central,22859.15,18585.86,833.83,869.92,2569.55,4273.29,18.69,98.1,Normal
2026-07-01,DMA-03,Bhagirathi Corridor,19480.69,12509.1,633.35,997.38,5340.87,6971.59,35.79,97.7,Critical
2026-07-01,DMA-04,Yamuna Bank Pocket,15160.91,11721.05,534.18,537.45,2368.23,3439.86,22.69,97.0,Normal
2026-07-01,DMA-05,Wazirabad Link,17905.27,14170.3,665.2,660.04,2409.73,3734.96,20.86,96.6,Normal
2026-07-01,DMA-06,Sangam Extension,16210.96,13312.65,589.0,518.54,1790.76,2898.31,17.88,96.7,Normal
2026-07-02,DMA-01,Sonia Vihar North,20283.69,16539.72,712.45,680.61,2350.9,3743.97,18.46,98.5,Normal
2026-07-02,DMA-02,Sonia Vihar Central,22873.74,18303.46,834.71,901.5,2834.07,4570.28,19.98,97.2,Normal
2026-07-02,DMA-03,Bhagirathi Corridor,18703.89,12305.85,643.63,921.76,4832.65,6398.03,34.21,98.0,Warning
2026-07-02,DMA-04,Yamuna Bank Pocket,15651.55,12897.5,558.32,538.84,1656.9,2754.06,17.6,98.2,Normal
2026-07-02,DMA-05,Wazirabad Link,16769.29,12985.96,612.84,557.25,2613.23,3783.32,22.56,96.6,Normal
2026-07-02,DMA-06,Sangam Extension,16718.89,14132.52,610.55,512.33,1463.5,2586.37,15.47,97.5,Normal
2026-07-03,DMA-01,Sonia Vihar North,21041.14,17778.36,694.34,690.12,1878.32,3262.78,15.51,97.4,Normal
2026-07-03,DMA-02,Sonia Vihar Central,21563.41,16988.56,773.58,791.97,3009.3,4574.84,21.22,97.7,Normal
2026-07-03,DMA-03,Bhagirathi Corridor,19183.43,12417.45,680.28,990.4,5095.3,6765.98,35.27,99.1,Critical
2026-07-03,DMA-04,Yamuna Bank Pocket,15891.19,12868.57,562.56,519.81,1940.24,3022.62,19.02,96.7,Normal
2026-07-03,DMA-05,Wazirabad Link,17422.97,13845.57,660.6,602.3,2314.5,3577.4,20.53,98.5,Normal
2026-07-03,DMA-06,Sangam Extension,15947.73,13302.28,586.52,614.81,1444.12,2645.45,16.59,95.7,Normal
2026-07-04,DMA-01,Sonia Vihar North,20860.09,17557.05,791.24,738.11,1773.69,3303.05,15.83,97.7,Normal
2026-07-04,DMA-02,Sonia Vihar Central,23212.42,18297.14,743.37,813.57,3358.34,4915.27,21.18,97.2,Normal
2026-07-04,DMA-03,Bhagirathi Corridor,20673.85,13495.91,743.55,999.93,5434.46,7177.94,34.72,96.4,Warning
2026-07-04,DMA-04,Yamuna Bank Pocket,16291.18,13234.93,523.12,564.54,1968.59,3056.25,18.76,96.9,Normal
2026-07-04,DMA-05,Wazirabad Link,17475.89,13826.09,541.45,605.03,2503.32,3649.8,20.88,97.0,Normal
2026-07-04,DMA-06,Sangam Extension,17750.66,14887.23,564.92,592.81,1705.7,2863.43,16.13,95.0,Normal
2026-07-05,DMA-01,Sonia Vihar North,21364.35,17317.76,739.74,706.47,2600.38,4046.6,18.94,96.1,Normal
2026-07-05,DMA-02,Sonia Vihar Central,23875.18,19074.86,795.2,735.73,3269.4,4800.32,20.11,98.4,Normal
2026-07-05,DMA-03,Bhagirathi Corridor,19635.47,12416.14,647.63,980.94,5590.76,7219.33,36.77,96.8,Critical
2026-07-05,DMA-04,Yamuna Bank Pocket,16664.81,13782.96,565.17,621.14,1695.54,2881.85,17.29,96.3,Normal
2026-07-05,DMA-05,Wazirabad Link,17934.15,13593.93,575.39,567.75,3197.08,4340.22,24.2,98.6,Normal
2026-07-05,DMA-06,Sangam Extension,17372.8,14764.43,567.07,600.78,1440.52,2608.37,15.01,96.6,Normal
2026-07-06,DMA-01,Sonia Vihar North,20355.04,16360.56,744.41,672.63,2577.44,3994.48,19.62,96.4,Normal
2026-07-06,DMA-02,Sonia Vihar Central,23084.35,18294.46,846.45,804.04,3139.4,4789.89,20.75,98.4,Normal
2026-07-06,DMA-03,Bhagirathi Corridor,18937.64,11713.1,611.29,913.77,5699.47,7224.53,38.15,96.9,Critical
2026-07-06,DMA-04,Yamuna Bank Pocket,15221.02,12392.37,547.52,529.11,1752.02,2828.65,18.58,97.2,Normal
2026-07-06,DMA-05,Wazirabad Link,17926.06,13661.39,656.13,637.94,2970.61,4264.68,23.79,100.7,Normal
2026-07-06,DMA-06,Sangam Extension,16786.73,14017.2,583.89,607.98,1577.66,2769.53,16.5,95.9,Normal
2026-07-07,DMA-01,Sonia Vihar North,19516.25,16044.46,695.82,638.24,2137.72,3471.78,17.79,94.6,Normal
2026-07-07,DMA-02,Sonia Vihar Central,22638.72,18082.86,762.7,735.44,3057.72,4555.85,20.12,98.6,Normal
2026-07-07,DMA-03,Bhagirathi Corridor,19174.42,12273.14,758.2,993.81,5149.27,6901.28,35.99,97.0,Critical
2026-07-07,DMA-04,Yamuna Bank Pocket,15311.66,12193.16,498.22,516.66,2103.62,3118.5,20.37,99.3,Normal
2026-07-07,DMA-05,Wazirabad Link,17369.64,13676.35,553.45,664.5,2475.34,3693.3,21.26,98.0,Normal
2026-07-07,DMA-06,Sangam Extension,16200.18,13789.34,517.86,638.17,1254.81,2410.84,14.88,96.8,Normal
2026-07-08,DMA-01,Sonia Vihar North,19666.95,15951.17,642.73,722.44,2350.61,3715.78,18.89,96.4,Normal
2026-07-08,DMA-02,Sonia Vihar Central,21046.85,16208.14,670.35,774.68,3393.67,4838.7,22.99,97.5,Normal
2026-07-08,DMA-03,Bhagirathi Corridor,18182.69,11531.1,634.74,900.78,5116.08,6651.59,36.58,96.2,Critical
2026-07-08,DMA-04,Yamuna Bank Pocket,15343.23,12621.34,522.96,583.78,1615.14,2721.89,17.74,96.5,Normal
2026-07-08,DMA-05,Wazirabad Link,17577.18,13949.76,616.61,602.2,2408.62,3627.43,20.64,97.9,Normal
2026-07-08,DMA-06,Sangam Extension,16152.72,13372.79,589.72,546.54,1643.67,2779.92,17.21,98.8,Normal
2026-07-09,DMA-01,Sonia Vihar North,20589.55,16880.61,734.07,678.58,2296.28,3708.94,18.01,98.3,Normal
2026-07-09,DMA-02,Sonia Vihar Central,22546.61,18405.08,813.36,773.56,2554.61,4141.53,18.37,95.4,Normal
2026-07-09,DMA-03,Bhagirathi Corridor,18397.82,11919.87,651.8,861.95,4964.19,6477.95,35.21,94.8,Critical
2026-07-09,DMA-04,Yamuna Bank Pocket,16161.05,12899.88,563.39,559.24,2138.53,3261.17,20.18,97.3,Normal
2026-07-09,DMA-05,Wazirabad Link,17573.14,13600.64,651.18,571.98,2749.34,3972.5,22.61,98.8,Normal
2026-07-09,DMA-06,Sangam Extension,16481.56,13431.43,622.22,588.83,1839.07,3050.12,18.51,98.3,Normal
2026-07-10,DMA-01,Sonia Vihar North,19327.71,15663.82,668.22,678.3,2317.37,3663.89,18.96,98.1,Normal
2026-07-10,DMA-02,Sonia Vihar Central,22818.48,17398.23,773.93,780.81,3865.51,5420.25,23.75,97.5,Normal
2026-07-10,DMA-03,Bhagirathi Corridor,19164.22,12390.79,700.44,957.34,5115.64,6773.43,35.34,97.8,Critical
2026-07-10,DMA-04,Yamuna Bank Pocket,14907.86,12024.26,562.22,480.99,1840.39,2883.6,19.34,97.0,Normal
2026-07-10,DMA-05,Wazirabad Link,17806.49,14042.97,663.11,631.86,2468.55,3763.52,21.14,98.9,Normal
2026-07-10,DMA-06,Sangam Extension,16559.86,13716.14,587.22,605.1,1651.41,2843.72,17.17,96.9,Normal
2026-07-11,DMA-01,Sonia Vihar North,21293.78,17459.12,680.88,694.97,2458.81,3834.66,18.01,95.3,Normal
2026-07-11,DMA-02,Sonia Vihar Central,23742.26,19245.48,800.93,830.39,2865.46,4496.78,18.94,97.4,Normal
2026-07-11,DMA-03,Bhagirathi Corridor,18583.42,11916.68,690.36,900.78,5075.6,6666.74,35.87,96.8,Critical
2026-07-11,DMA-04,Yamuna Bank Pocket,16694.56,13170.15,583.04,610.58,2330.79,3524.41,21.11,94.4,Normal
2026-07-11,DMA-05,Wazirabad Link,18264.19,14129.5,670.98,697.91,2765.79,4134.69,22.64,95.2,Normal
2026-07-11,DMA-06,Sangam Extension,16500.36,13551.04,594.56,575.55,1779.22,2949.32,17.87,99.0,Normal
2026-07-12,DMA-01,Sonia Vihar North,20684.66,16735.54,791.28,718.9,2438.94,3949.12,19.09,99.7,Normal
2026-07-12,DMA-02,Sonia Vihar Central,23894.36,18924.96,861.91,761.58,3345.91,4969.39,20.8,98.6,Normal
2026-07-12,DMA-03,Bhagirathi Corridor,19819.15,12272.1,694.99,993.62,5858.45,7547.05,38.08,98.5,Critical
2026-07-12,DMA-04,Yamuna Bank Pocket,16098.95,12960.2,544.21,503.5,2091.04,3138.75,19.5,95.1,Normal
2026-07-12,DMA-05,Wazirabad Link,18085.56,14027.46,644.86,618.19,2795.05,4058.1,22.44,95.6,Normal
2026-07-12,DMA-06,Sangam Extension,17012.34,13751.57,592.68,527.37,2140.72,3260.77,19.17,97.4,Normal
2026-07-13,DMA-01,Sonia Vihar North,20599.32,17202.43,702.57,743.99,1950.34,3396.89,16.49,94.8,Normal
2026-07-13,DMA-02,Sonia Vihar Central,22483.62,17568.03,764.68,850.66,3300.26,4915.59,21.86,95.9,Normal
2026-07-13,DMA-03,Bhagirathi Corridor,18942.1,12094.04,692.65,908.32,5247.1,6848.07,36.15,95.1,Critical
2026-07-13,DMA-04,Yamuna Bank Pocket,15119.48,11818.86,518.63,524.55,2257.43,3300.61,21.83,97.8,Normal
2026-07-13,DMA-05,Wazirabad Link,17530.9,13356.4,629.27,590.66,2954.58,4174.5,23.81,97.8,Normal
2026-07-13,DMA-06,Sangam Extension,15301.63,12655.56,541.46,523.42,1581.2,2646.07,17.29,97.1,Normal
2026-07-14,DMA-01,Sonia Vihar North,20942.99,17094.63,765.52,758.65,2324.19,3848.35,18.38,96.0,Normal
2026-07-14,DMA-02,Sonia Vihar Central,20883.52,16503.56,776.26,772.2,2831.5,4379.96,20.97,97.4,Normal
2026-07-14,DMA-03,Bhagirathi Corridor,18451.45,11904.23,602.57,955.06,4989.59,6547.22,35.48,98.3,Critical
2026-07-14,DMA-04,Yamuna Bank Pocket,15568.95,12254.63,543.14,554.16,2217.02,3314.32,21.29,95.7,Normal
2026-07-14,DMA-05,Wazirabad Link,17098.42,13504.51,627.19,602.11,2364.61,3593.9,21.02,95.9,Normal
2026-07-14,DMA-06,Sangam Extension,15437.81,12866.99,499.23,544.35,1527.24,2570.82,16.65,96.2,Normal
2026-07-15,DMA-01,Sonia Vihar North,20729.52,16712.11,672.68,738.64,2606.09,4017.41,19.38,96.9,Normal
2026-07-15,DMA-02,Sonia Vihar Central,22711.88,18290.26,775.88,824.49,2821.24,4421.62,19.47,94.9,Normal
2026-07-15,DMA-03,Bhagirathi Corridor,18132.6,11574.77,622.63,818.26,5116.93,6557.83,36.17,99.3,Critical
2026-07-15,DMA-04,Yamuna Bank Pocket,14756.6,11721.8,540.36,510.6,1983.84,3034.8,20.57,97.8,Normal
2026-07-15,DMA-05,Wazirabad Link,16940.3,13237.24,633.61,578.56,2490.89,3703.07,21.86,97.6,Normal
2026-07-15,DMA-06,Sangam Extension,16209.81,13479.24,580.41,532.25,1617.91,2730.57,16.85,95.6,Normal
2026-07-16,DMA-01,Sonia Vihar North,20076.51,16629.02,735.74,762.88,1948.88,3447.49,17.17,96.5,Normal
2026-07-16,DMA-02,Sonia Vihar Central,22009.61,17418.47,727.71,807.14,3056.29,4591.14,20.86,95.8,Normal
2026-07-16,DMA-03,Bhagirathi Corridor,18188.31,11370.51,615.15,908.07,5294.57,6817.8,37.48,96.0,Critical
2026-07-16,DMA-04,Yamuna Bank Pocket,15188.31,12421.31,523.13,540.26,1703.61,2767.0,18.22,97.6,Normal
2026-07-16,DMA-05,Wazirabad Link,17032.6,13026.04,579.11,607.2,2820.26,4006.57,23.52,95.7,Normal
2026-07-16,DMA-06,Sangam Extension,16531.86,13162.54,577.37,596.34,2195.61,3369.32,20.38,98.4,Normal
2026-07-17,DMA-01,Sonia Vihar North,19634.16,16177.69,744.3,765.5,1946.67,3456.47,17.6,97.0,Normal
2026-07-17,DMA-02,Sonia Vihar Central,21788.51,17602.85,788.15,838.08,2559.43,4185.66,19.21,99.4,Normal
2026-07-17,DMA-03,Bhagirathi Corridor,17947.65,11540.43,637.35,953.33,4816.54,6407.22,35.7,97.0,Critical
2026-07-17,DMA-04,Yamuna Bank Pocket,16382.28,13067.95,567.64,604.2,2142.49,3314.33,20.23,96.8,Normal
2026-07-17,DMA-05,Wazirabad Link,17283.35,13267.99,580.63,565.96,2868.77,4015.36,23.23,96.4,Normal
2026-07-17,DMA-06,Sangam Extension,15953.47,13021.09,548.62,585.34,1798.41,2932.38,18.38,95.5,Normal
2026-07-18,DMA-01,Sonia Vihar North,21613.37,17961.15,703.2,713.33,2235.69,3652.22,16.9,99.4,Normal
2026-07-18,DMA-02,Sonia Vihar Central,23587.0,18791.14,804.89,806.06,3184.9,4795.86,20.33,94.3,Normal
2026-07-18,DMA-03,Bhagirathi Corridor,19418.49,12572.18,665.05,1084.48,5096.77,6846.31,35.26,96.5,Critical
2026-07-18,DMA-04,Yamuna Bank Pocket,15681.52,12687.28,580.81,526.87,1886.56,2994.24,19.09,98.4,Normal
2026-07-18,DMA-05,Wazirabad Link,17919.39,14271.93,659.82,630.36,2357.28,3647.46,20.35,98.3,Normal
2026-07-18,DMA-06,Sangam Extension,17562.38,15169.09,614.14,563.35,1215.81,2393.29,13.63,96.1,Normal
2026-07-19,DMA-01,Sonia Vihar North,21803.24,17736.08,738.57,761.84,2566.75,4067.16,18.65,99.6,Normal
2026-07-19,DMA-02,Sonia Vihar Central,22853.22,17552.78,873.37,824.85,3602.22,5300.45,23.19,94.7,Normal
2026-07-19,DMA-03,Bhagirathi Corridor,19449.45,12523.57,674.61,959.81,5291.46,6925.88,35.61,97.2,Critical
2026-07-19,DMA-04,Yamuna Bank Pocket,17273.95,13772.91,586.61,601.13,2313.29,3501.03,20.27,96.2,Normal
2026-07-19,DMA-05,Wazirabad Link,17335.27,13506.24,602.99,584.65,2641.39,3829.03,22.09,95.9,Normal
2026-07-19,DMA-06,Sangam Extension,16944.61,14388.39,663.88,618.42,1273.92,2556.22,15.09,96.7,Normal
2026-07-20,DMA-01,Sonia Vihar North,19867.44,16229.4,759.72,718.1,2160.21,3638.03,18.31,98.0,Normal
2026-07-20,DMA-02,Sonia Vihar Central,22035.84,17502.64,800.88,761.66,2970.67,4533.21,20.57,95.0,Normal
2026-07-20,DMA-03,Bhagirathi Corridor,18627.52,11582.48,675.87,923.92,5445.24,7045.04,37.82,97.9,Critical
2026-07-20,DMA-04,Yamuna Bank Pocket,15606.95,12783.17,563.88,585.31,1674.58,2823.77,18.09,97.9,Normal
2026-07-20,DMA-05,Wazirabad Link,16901.15,12943.43,622.05,600.28,2735.4,3957.73,23.42,95.6,Normal
2026-07-20,DMA-06,Sangam Extension,16255.91,13440.84,605.0,564.31,1645.77,2815.07,17.32,97.6,Normal
2026-07-21,DMA-01,Sonia Vihar North,20270.62,16455.45,751.29,690.82,2373.06,3815.17,18.82,98.1,Normal
2026-07-21,DMA-02,Sonia Vihar Central,23136.88,18427.33,787.2,756.65,3165.69,4709.55,20.36,100.5,Normal
2026-07-21,DMA-03,Bhagirathi Corridor,19189.54,12370.46,743.41,1042.85,5032.82,6819.08,35.54,98.2,Critical
2026-07-21,DMA-04,Yamuna Bank Pocket,15655.48,12521.53,590.64,516.5,2026.81,3133.95,20.02,98.4,Normal
2026-07-21,DMA-05,Wazirabad Link,16499.23,12636.27,578.09,624.35,2660.52,3862.96,23.41,97.1,Normal
2026-07-21,DMA-06,Sangam Extension,16252.23,13358.08,603.63,581.15,1709.37,2894.15,17.81,97.0,Normal
2026-07-22,DMA-01,Sonia Vihar North,21264.77,17071.99,803.59,693.42,2695.77,4192.78,19.72,96.2,Normal
2026-07-22,DMA-02,Sonia Vihar Central,22783.05,18194.46,821.05,788.75,2978.78,4588.58,20.14,98.5,Normal
2026-07-22,DMA-03,Bhagirathi Corridor,19070.01,12426.69,665.18,999.74,4978.39,6643.32,34.84,99.0,Warning
2026-07-22,DMA-04,Yamuna Bank Pocket,16353.37,12984.98,541.18,545.86,2281.35,3368.39,20.6,95.5,Normal
2026-07-22,DMA-05,Wazirabad Link,18655.09,15040.8,660.0,625.94,2328.35,3614.28,19.37,96.9,Normal
2026-07-22,DMA-06,Sangam Extension,16431.83,13307.76,579.88,591.72,1952.48,3124.08,19.01,96.1,Normal
2026-07-23,DMA-01,Sonia Vihar North,20327.15,16878.35,718.07,688.66,2042.07,3448.8,16.97,97.2,Normal
2026-07-23,DMA-02,Sonia Vihar Central,23202.25,18770.24,772.63,873.05,2786.34,4432.02,19.1,96.8,Normal
2026-07-23,DMA-03,Bhagirathi Corridor,18936.41,12248.73,614.5,978.2,5094.97,6687.67,35.32,98.7,Critical
2026-07-23,DMA-04,Yamuna Bank Pocket,15683.41,12616.33,575.27,542.47,1949.34,3067.08,19.56,97.1,Normal
2026-07-23,DMA-05,Wazirabad Link,17452.78,13717.41,595.79,645.05,2494.53,3735.37,21.4,96.2,Normal
2026-07-23,DMA-06,Sangam Extension,16056.5,13336.67,587.17,532.34,1600.33,2719.84,16.94,96.7,Normal
2026-07-24,DMA-01,Sonia Vihar North,19934.09,16256.84,672.2,700.16,2304.89,3677.25,18.45,94.8,Normal
2026-07-24,DMA-02,Sonia Vihar Central,22677.67,18154.24,744.94,796.35,2982.14,4523.43,19.95,98.5,Normal
2026-07-24,DMA-03,Bhagirathi Corridor,18073.33,11858.9,643.13,886.05,4685.25,6214.43,34.38,96.3,Warning
2026-07-24,DMA-04,Yamuna Bank Pocket,15675.57,12517.52,565.97,534.36,2057.71,3158.05,20.15,96.3,Normal
2026-07-24,DMA-05,Wazirabad Link,17392.22,13428.64,599.95,636.64,2726.99,3963.58,22.79,94.8,Normal
2026-07-24,DMA-06,Sangam Extension,16407.91,13750.92,608.7,577.12,1471.17,2656.99,16.19,96.9,Normal
2026-07-25,DMA-01,Sonia Vihar North,20775.15,16921.45,763.41,690.04,2400.25,3853.7,18.55,94.3,Normal
2026-07-25,DMA-02,Sonia Vihar Central,24162.86,19013.38,885.58,802.05,3461.84,5149.48,21.31,97.0,Normal
2026-07-25,DMA-03,Bhagirathi Corridor,19394.53,12454.48,683.56,1019.35,5237.13,6940.05,35.78,96.7,Critical
2026-07-25,DMA-04,Yamuna Bank Pocket,16811.17,13305.27,615.05,625.01,2265.84,3505.9,20.85,97.4,Normal
2026-07-25,DMA-05,Wazirabad Link,17749.81,13446.07,613.66,587.22,3102.86,4303.74,24.25,96.3,Normal
2026-07-25,DMA-06,Sangam Extension,18082.42,14959.21,587.69,613.83,1921.69,3123.21,17.27,98.3,Normal
2026-07-26,DMA-01,Sonia Vihar North,21552.91,17857.4,824.82,751.75,2118.93,3695.5,17.15,99.0,Normal
2026-07-26,DMA-02,Sonia Vihar Central,23833.81,18661.87,893.87,843.43,3434.65,5171.94,21.7,98.7,Normal
2026-07-26,DMA-03,Bhagirathi Corridor,19567.28,12147.64,609.83,1019.45,5790.36,7419.64,37.92,96.3,Critical
2026-07-26,DMA-04,Yamuna Bank Pocket,15633.1,12602.15,569.26,549.7,1911.99,3030.94,19.39,96.8,Normal
2026-07-26,DMA-05,Wazirabad Link,18494.77,14388.32,636.01,609.91,2860.53,4106.45,22.2,95.2,Normal
2026-07-26,DMA-06,Sangam Extension,17148.32,14063.0,651.02,602.54,1831.76,3085.32,17.99,95.6,Normal
2026-07-27,DMA-01,Sonia Vihar North,20531.36,16804.27,733.99,734.36,2258.75,3727.09,18.15,96.0,Normal
2026-07-27,DMA-02,Sonia Vihar Central,22467.21,18285.97,757.23,769.98,2654.04,4181.25,18.61,95.3,Normal
2026-07-27,DMA-03,Bhagirathi Corridor,19312.12,12316.07,624.14,920.57,5451.34,6996.05,36.23,95.8,Critical
2026-07-27,DMA-04,Yamuna Bank Pocket,16090.4,12899.52,557.6,542.3,2090.98,3190.88,19.83,97.0,Normal
2026-07-27,DMA-05,Wazirabad Link,17011.19,13535.06,600.03,564.74,2311.36,3476.13,20.43,96.1,Normal
2026-07-27,DMA-06,Sangam Extension,17004.14,14069.95,641.12,601.7,1691.38,2934.19,17.26,97.6,Normal
2026-07-28,DMA-01,Sonia Vihar North,20125.72,16703.68,662.23,678.1,2081.7,3422.04,17.0,97.5,Normal
2026-07-28,DMA-02,Sonia Vihar Central,22157.51,17513.84,796.12,774.05,3073.51,4643.67,20.96,97.1,Normal
2026-07-28,DMA-03,Bhagirathi Corridor,19584.22,12128.33,668.82,984.51,5802.57,7455.89,38.07,98.2,Critical
2026-07-28,DMA-04,Yamuna Bank Pocket,15896.19,12239.42,587.49,559.3,2509.98,3656.77,23.0,97.9,Normal
2026-07-28,DMA-05,Wazirabad Link,17046.53,13418.54,608.84,593.26,2425.89,3627.99,21.28,99.1,Normal
2026-07-28,DMA-06,Sangam Extension,17261.5,14317.44,555.15,620.02,1768.88,2944.05,17.06,96.0,Normal
2026-07-29,DMA-01,Sonia Vihar North,20568.46,16979.96,725.98,682.87,2179.66,3588.5,17.45,95.1,Normal
2026-07-29,DMA-02,Sonia Vihar Central,21706.87,17123.39,814.38,748.37,3020.73,4583.48,21.12,98.4,Normal
2026-07-29,DMA-03,Bhagirathi Corridor,17814.16,11454.06,674.37,863.88,4821.84,6360.1,35.7,96.8,Critical
2026-07-29,DMA-04,Yamuna Bank Pocket,15655.73,12659.71,517.14,514.31,1964.58,2996.02,19.14,97.9,Normal
2026-07-29,DMA-05,Wazirabad Link,17508.11,13459.12,631.99,608.79,2808.21,4048.99,23.13,95.8,Normal
2026-07-29,DMA-06,Sangam Extension,15983.2,13206.38,639.01,565.47,1572.35,2776.82,17.37,95.9,Normal
2026-07-30,DMA-01,Sonia Vihar North,19995.67,16550.56,697.34,698.42,2049.35,3445.11,17.23,96.4,Normal
2026-07-30,DMA-02,Sonia Vihar Central,21650.07,17127.44,836.44,753.41,2932.78,4522.63,20.89,96.9,Normal
2026-07-30,DMA-03,Bhagirathi Corridor,19004.65,12131.39,635.99,941.7,5295.58,6873.26,36.17,96.3,Critical
2026-07-30,DMA-04,Yamuna Bank Pocket,15924.21,12621.31,524.99,589.2,2188.71,3302.9,20.74,98.1,Normal
2026-07-30,DMA-05,Wazirabad Link,17409.84,13438.25,533.45,677.17,2760.97,3971.6,22.81,100.0,Normal
2026-07-30,DMA-06,Sangam Extension,16379.63,13628.65,550.8,507.41,1692.77,2750.97,16.8,96.7,Normal
2026-07-31,DMA-01,Sonia Vihar North,19342.3,16047.78,688.6,648.79,1957.13,3294.53,17.03,98.1,Normal
2026-07-31,DMA-02,Sonia Vihar Central,22970.25,18150.38,794.63,801.12,3224.12,4819.87,20.98,99.3,Normal
2026-07-31,DMA-03,Bhagirathi Corridor,18756.04,12077.88,720.24,905.58,5052.34,6678.17,35.61,93.2,Critical
2026-07-31,DMA-04,Yamuna Bank Pocket,15637.33,12639.5,523.97,561.28,1912.59,2997.83,19.17,98.7,Normal
2026-07-31,DMA-05,Wazirabad Link,16521.08,12690.22,589.11,550.08,2691.66,3830.85,23.19,96.4,Normal
2026-07-31,DMA-06,Sangam Extension,16459.56,13417.71,521.79,561.71,1958.36,3041.86,18.48,97.3,Normal
2026-08-01,DMA-01,Sonia Vihar North,21825.58,17553.58,729.66,792.55,2749.79,4272.0,19.57,95.4,Normal
2026-08-01,DMA-02,Sonia Vihar Central,22869.3,18456.12,783.05,754.34,2875.79,4413.18,19.3,97.2,Normal
2026-08-01,DMA-03,Bhagirathi Corridor,19952.34,12825.96,694.61,972.12,5459.65,7126.38,35.72,99.1,Critical
2026-08-01,DMA-04,Yamuna Bank Pocket,16803.1,13312.38,587.69,563.86,2339.16,3490.71,20.77,97.2,Normal
2026-08-01,DMA-05,Wazirabad Link,18208.3,14273.68,683.1,660.31,2591.21,3934.62,21.61,96.0,Normal
2026-08-01,DMA-06,Sangam Extension,16668.39,13892.19,604.02,647.45,1524.73,2776.2,16.66,95.3,Normal
2026-08-02,DMA-01,Sonia Vihar North,21887.21,17812.83,833.36,751.91,2489.11,4074.39,18.62,98.5,Normal
2026-08-02,DMA-02,Sonia Vihar Central,24908.69,19822.25,839.08,845.7,3401.66,5086.44,20.42,95.8,Normal
2026-08-02,DMA-03,Bhagirathi Corridor,19331.74,12209.54,758.31,943.01,5420.89,7122.2,36.84,97.2,Critical
2026-08-02,DMA-04,Yamuna Bank Pocket,16557.87,13325.75,632.3,537.5,2062.32,3232.12,19.52,95.3,Normal
2026-08-02,DMA-05,Wazirabad Link,17725.75,14123.48,637.18,681.39,2283.7,3602.27,20.32,94.5,Normal
2026-08-02,DMA-06,Sangam Extension,17396.18,14539.16,559.12,622.54,1675.36,2857.02,16.42,97.6,Normal
2026-08-03,DMA-01,Sonia Vihar North,20070.92,16588.18,664.19,728.24,2090.32,3482.74,17.35,98.5,Normal
2026-08-03,DMA-02,Sonia Vihar Central,21853.47,17504.08,709.03,769.4,2870.96,4349.39,19.9,97.1,Normal
2026-08-03,DMA-03,Bhagirathi Corridor,18553.98,11778.17,702.84,820.24,5252.73,6775.81,36.52,99.0,Critical
2026-08-03,DMA-04,Yamuna Bank Pocket,15090.51,12381.57,554.87,538.68,1615.39,2708.94,17.95,98.6,Normal
2026-08-03,DMA-05,Wazirabad Link,17074.51,13427.07,593.74,607.23,3302.74,3647.44,21.36,98.1,Normal
2026-08-03,DMA-06,Sangam Extension,16565.51,13669.15,582.71,576.18,1737.46,2896.36,17.48,96.2,Normal
2026-08-04,DMA-01,Sonia Vihar North,20932.54,17502.19,819.33,706.04,1904.99,3430.36,16.39,98.4,Normal
2026-08-04,DMA-02,Sonia Vihar Central,22533.1,17729.77,823.26,791.1,3188.96,4803.33,21.32,96.9,Normal
2026-08-04,DMA-03,Bhagirathi Corridor,18695.7,11809.42,695.86,956.42,5234.0,6886.28,36.83,98.0,Critical
2026-08-04,DMA-04,Yamuna Bank Pocket,16227.52,12808.06,639.02,570.77,2209.67,3419.45,21.07,97.6,Normal
2026-08-04,DMA-05,Wazirabad Link,17621.65,13560.36,591.99,608.92,3861.51,4061.29,23.05,97.2,Normal
2026-08-04,DMA-06,Sangam Extension,15990.98,12998.3,592.01,529.07,1871.61,2992.68,18.71,98.2,Normal
2026-08-05,DMA-01,Sonia Vihar North,19792.85,16064.81,686.65,771.87,2269.52,3728.04,18.84,97.2,Normal
2026-08-05,DMA-02,Sonia Vihar Central,22469.19,17713.65,751.55,813.24,3190.76,4755.54,21.16,97.0,Normal
2026-08-05,DMA-03,Bhagirathi Corridor,19378.18,12157.63,723.75,994.87,5501.94,7220.55,37.26,96.0,Critical
2026-08-05,DMA-04,Yamuna Bank Pocket,15719.41,12421.77,583.07,547.03,2167.55,3297.64,20.98,96.0,Normal
2026-08-05,DMA-05,Wazirabad Link,17040.32,13134.18,642.26,562.76,3646.52,3906.15,22.92,96.9,Normal
2026-08-05,DMA-06,Sangam Extension,16424.96,13542.62,536.11,635.04,1711.19,2882.34,17.55,96.6,Normal
2026-08-06,DMA-01,Sonia Vihar North,19730.71,15990.41,694.73,684.57,2361.01,3740.3,18.96,95.2,Normal
2026-08-06,DMA-02,Sonia Vihar Central,22490.02,17455.17,817.62,802.46,3414.77,5034.85,22.39,96.6,Normal
2026-08-06,DMA-03,Bhagirathi Corridor,20245.07,12815.27,704.32,1107.8,5617.69,7429.8,36.7,98.0,Critical
2026-08-06,DMA-04,Yamuna Bank Pocket,15249.81,12270.61,560.56,463.33,1955.31,2979.2,19.54,96.5,Normal
2026-08-06,DMA-05,Wazirabad Link,18067.77,13948.16,679.31,608.54,3822.89,4119.62,22.8,97.3,Normal
2026-08-06,DMA-06,Sangam Extension,16353.38,13424.88,522.19,596.03,1810.28,2928.5,17.91,96.2,Normal
2026-08-07,DMA-01,Sonia Vihar North,21436.36,17500.89,745.07,767.97,2422.43,3935.47,18.36,96.0,Normal
2026-08-07,DMA-02,Sonia Vihar Central,22302.55,17184.62,815.36,719.99,3582.59,5117.94,22.95,98.1,Normal
2026-08-07,DMA-03,Bhagirathi Corridor,18566.49,11734.91,635.18,963.7,5232.7,6831.58,36.8,97.5,Critical
2026-08-07,DMA-04,Yamuna Bank Pocket,15435.28,12194.45,507.93,476.94,2255.96,3240.83,21.0,98.6,Normal
2026-08-07,DMA-05,Wazirabad Link,17410.57,13835.14,639.75,640.69,3098.25,3575.43,20.54,96.4,Normal
2026-08-07,DMA-06,Sangam Extension,16382.87,13396.32,589.76,578.33,1818.47,2986.56,18.23,97.6,Normal
2026-08-08,DMA-01,Sonia Vihar North,21364.14,17819.46,728.65,712.24,2103.78,3544.68,16.59,99.0,Normal
2026-08-08,DMA-02,Sonia Vihar Central,23756.42,18670.99,763.82,813.72,3507.89,5085.43,21.41,94.2,Normal
2026-08-08,DMA-03,Bhagirathi Corridor,19198.27,12171.25,693.74,973.34,5359.93,7027.01,36.6,95.9,Critical
2026-08-08,DMA-04,Yamuna Bank Pocket,16868.31,13275.53,531.36,616.27,2445.16,3592.78,21.3,96.4,Normal
2026-08-08,DMA-05,Wazirabad Link,18476.8,14245.35,622.19,607.43,4052.49,4231.46,22.9,97.2,Normal
2026-08-08,DMA-06,Sangam Extension,17429.39,14676.25,655.0,625.91,1472.22,2753.13,15.8,95.7,Normal
2026-08-09,DMA-01,Sonia Vihar North,22106.32,18168.72,807.89,757.91,2371.79,3937.6,17.81,97.2,Normal
2026-08-09,DMA-02,Sonia Vihar Central,23516.22,18272.07,749.39,805.82,3688.94,5244.15,22.3,98.9,Normal
2026-08-09,DMA-03,Bhagirathi Corridor,19519.26,12460.02,681.05,1039.7,5338.5,7059.25,36.17,95.5,Critical
2026-08-09,DMA-04,Yamuna Bank Pocket,16713.18,13333.45,584.3,597.66,2197.77,3379.73,20.22,96.9,Normal
2026-08-09,DMA-05,Wazirabad Link,18274.89,14121.53,677.49,643.19,2832.67,4153.35,22.73,98.3,Normal
2026-08-09,DMA-06,Sangam Extension,17368.78,14614.89,635.92,615.77,1502.21,2753.89,15.86,98.2,Normal
2026-08-10,DMA-01,Sonia Vihar North,20618.83,17418.9,727.18,735.9,1736.84,3199.93,15.52,98.0,Normal
2026-08-10,DMA-02,Sonia Vihar Central,22050.34,17649.57,756.49,754.96,2889.31,4400.77,19.96,96.4,Normal
2026-08-10,DMA-03,Bhagirathi Corridor,17665.66,11349.47,619.64,900.62,4795.92,6316.18,35.75,97.7,Critical
2026-08-10,DMA-04,Yamuna Bank Pocket,15595.46,12609.82,529.23,514.6,1941.81,2985.64,19.14,96.7,Normal
2026-08-10,DMA-05,Wazirabad Link,17359.38,13605.38,616.61,679.62,2457.78,3754.0,21.63,94.2,Normal
2026-08-10,DMA-06,Sangam Extension,16447.66,13571.73,594.92,588.95,1692.05,2875.92,17.49,96.7,Normal
2026-08-11,DMA-01,Sonia Vihar North,19847.33,16155.1,684.35,654.25,2353.62,3692.22,18.6,98.3,Normal
2026-08-11,DMA-02,Sonia Vihar Central,23074.75,18030.01,734.89,784.62,3525.22,5044.73,21.86,95.0,Normal
2026-08-11,DMA-03,Bhagirathi Corridor,19004.06,14287.78,612.18,624.59,3479.5,4716.27,24.82,95.2,Normal
2026-08-11,DMA-04,Yamuna Bank Pocket,15886.61,12558.14,551.4,558.0,2219.07,3328.47,20.95,95.5,Normal
2026-08-11,DMA-05,Wazirabad Link,16613.66,12910.24,616.64,565.58,2521.19,3703.41,22.29,99.5,Normal
2026-08-11,DMA-06,Sangam Extension,16167.91,13205.79,549.15,504.98,1907.99,2962.12,18.32,97.6,Normal
2026-08-12,DMA-01,Sonia Vihar North,20240.07,16401.99,763.76,687.96,2386.35,3838.08,18.96,98.0,Normal
2026-08-12,DMA-02,Sonia Vihar Central,22238.4,17799.47,790.51,798.42,2850.0,4438.93,19.96,96.4,Normal
2026-08-12,DMA-03,Bhagirathi Corridor,18820.5,14220.38,617.94,624.7,3357.48,4600.13,24.44,96.3,Normal
2026-08-12,DMA-04,Yamuna Bank Pocket,15678.06,12647.86,575.79,592.24,1862.17,3030.2,19.33,96.1,Normal
2026-08-12,DMA-05,Wazirabad Link,17878.04,13699.32,627.41,588.53,2962.79,4178.72,23.37,96.1,Normal
2026-08-12,DMA-06,Sangam Extension,15739.03,13066.46,526.95,534.03,1611.59,2672.57,16.98,96.2,Normal
2026-08-13,DMA-01,Sonia Vihar North,20118.37,16662.43,745.56,660.62,2049.76,3455.94,17.18,97.0,Normal
2026-08-13,DMA-02,Sonia Vihar Central,22484.12,17765.83,870.42,778.1,3069.77,4718.29,20.98,95.3,Normal
2026-08-13,DMA-03,Bhagirathi Corridor,18441.96,14052.92,658.82,631.47,3098.74,4389.03,23.8,97.2,Normal
2026-08-13,DMA-04,Yamuna Bank Pocket,16167.04,13305.94,602.91,596.1,1662.09,2861.1,17.7,97.9,Normal
2026-08-13,DMA-05,Wazirabad Link,17211.19,13404.7,629.94,629.33,2547.21,3806.49,22.12,97.7,Normal
2026-08-13,DMA-06,Sangam Extension,16750.41,13517.0,596.7,548.81,2087.89,3233.4,19.3,96.7,Normal
2026-08-14,DMA-01,Sonia Vihar North,20384.35,16628.24,684.68,743.45,2327.98,3756.11,18.43,97.7,Normal
2026-08-14,DMA-02,Sonia Vihar Central,23005.49,18088.27,800.4,910.67,3206.15,4917.21,21.37,96.6,Normal
2026-08-14,DMA-03,Bhagirathi Corridor,17993.35,13852.66,660.22,665.96,2814.51,4140.69,23.01,98.4,Normal
2026-08-14,DMA-04,Yamuna Bank Pocket,15250.28,12325.06,547.13,552.34,1825.76,2925.23,19.18,96.8,Normal
2026-08-14,DMA-05,Wazirabad Link,17731.91,13936.33,631.96,605.72,2557.9,3795.58,21.41,98.1,Normal
2026-08-14,DMA-06,Sangam Extension,16268.12,13557.23,567.13,591.3,1552.46,2710.89,16.66,97.2,Normal
2026-08-15,DMA-01,Sonia Vihar North,20922.8,17405.43,762.89,749.22,2005.26,3517.37,16.81,97.3,Normal
2026-08-15,DMA-02,Sonia Vihar Central,22966.31,18154.46,776.82,823.98,3211.06,4811.86,20.95,97.9,Normal
2026-08-15,DMA-03,Bhagirathi Corridor,20207.78,15393.12,725.16,695.11,3394.39,4814.66,23.83,95.5,Normal
2026-08-15,DMA-04,Yamuna Bank Pocket,16126.86,13022.31,556.78,520.45,2027.32,3104.55,19.25,96.9,Normal
2026-08-15,DMA-05,Wazirabad Link,17996.37,14001.52,643.54,695.1,2656.21,3994.84,22.2,95.5,Normal
2026-08-15,DMA-06,Sangam Extension,17772.78,14772.52,656.82,634.89,1708.55,3000.27,16.88,97.1,Normal
2026-08-16,DMA-01,Sonia Vihar North,21653.94,17371.27,739.13,766.73,2776.81,4282.67,19.78,95.3,Normal
2026-08-16,DMA-02,Sonia Vihar Central,23471.81,18298.72,840.03,841.07,3491.98,5173.09,22.04,98.7,Normal
2026-08-16,DMA-03,Bhagirathi Corridor,19839.01,14831.04,675.06,649.8,3683.11,5007.97,25.24,97.5,Warning
2026-08-16,DMA-04,Yamuna Bank Pocket,16187.4,12953.91,562.09,530.08,2141.31,3233.49,19.98,97.4,Normal
2026-08-16,DMA-05,Wazirabad Link,18531.26,14298.14,638.44,671.74,2922.93,4233.11,22.84,96.0,Normal
2026-08-16,DMA-06,Sangam Extension,17089.78,14277.12,626.76,602.98,1582.92,2812.66,16.46,92.0,Normal
2026-08-17,DMA-01,Sonia Vihar North,20540.73,16729.41,715.4,679.59,2416.33,3811.32,18.55,95.9,Normal
2026-08-17,DMA-02,Sonia Vihar Central,22640.6,17950.23,777.63,758.99,3153.76,4690.37,20.72,98.6,Normal
2026-08-17,DMA-03,Bhagirathi Corridor,18955.85,14868.96,636.45,617.9,2832.54,4086.88,21.56,97.5,Normal
2026-08-17,DMA-04,Yamuna Bank Pocket,15548.57,12402.13,514.57,544.91,2086.96,3146.44,20.24,96.2,Normal
2026-08-17,DMA-05,Wazirabad Link,16862.25,13034.83,545.61,618.1,2663.72,3827.42,22.7,96.9,Normal
2026-08-17,DMA-06,Sangam Extension,16268.07,13762.06,553.13,538.27,1414.62,2506.02,15.4,93.7,Normal
2026-08-18,DMA-01,Sonia Vihar North,19832.26,15742.48,714.75,701.42,2673.61,4089.77,20.62,96.5,Normal
2026-08-18,DMA-02,Sonia Vihar Central,21619.06,17213.73,738.41,785.24,2881.68,4405.33,20.38,97.7,Normal
2026-08-18,DMA-03,Bhagirathi Corridor,18337.69,13663.65,655.14,653.26,3365.63,4674.04,25.49,97.4,Warning
2026-08-18,DMA-04,Yamuna Bank Pocket,15592.37,12654.3,632.53,591.82,1713.71,2938.07,18.84,97.3,Normal
2026-08-18,DMA-05,Wazirabad Link,17613.77,13690.4,549.65,663.78,2709.93,3923.36,22.27,96.1,Normal
2026-08-18,DMA-06,Sangam Extension,15781.11,13308.34,618.39,565.88,1288.5,2472.77,15.67,92.7,Normal
2026-08-19,DMA-01,Sonia Vihar North,20939.3,17259.46,685.25,695.54,2299.05,3679.84,17.57,96.4,Normal
2026-08-19,DMA-02,Sonia Vihar Central,22532.33,18014.29,773.62,829.63,2914.78,4518.04,20.05,98.9,Normal
2026-08-19,DMA-03,Bhagirathi Corridor,18647.03,13871.97,676.29,711.57,3387.19,4775.05,25.61,96.4,Warning
2026-08-19,DMA-04,Yamuna Bank Pocket,16254.46,12888.16,564.75,604.3,2197.26,3366.31,20.71,96.7,Normal
2026-08-19,DMA-05,Wazirabad Link,16687.21,13151.15,547.17,611.26,2377.62,3536.06,21.19,98.0,Normal
2026-08-19,DMA-06,Sangam Extension,16924.12,13860.2,566.57,592.1,1905.25,3063.92,18.1,96.5,Normal
2026-08-20,DMA-01,Sonia Vihar North,19573.36,15980.87,686.66,702.53,2203.31,3592.49,18.35,97.3,Normal
2026-08-20,DMA-02,Sonia Vihar Central,22203.86,17955.18,763.71,752.74,2732.23,4248.68,19.13,96.7,Normal
2026-08-20,DMA-03,Bhagirathi Corridor,18986.82,14327.62,682.2,682.61,3294.39,4659.2,24.54,96.2,Normal
2026-08-20,DMA-04,Yamuna Bank Pocket,15414.19,12679.08,542.8,469.45,1722.87,2735.11,17.74,96.0,Normal
2026-08-20,DMA-05,Wazirabad Link,17540.14,13671.23,613.9,635.71,2619.3,3868.91,22.06,96.0,Normal
2026-08-20,DMA-06,Sangam Extension,16381.77,13559.52,579.89,562.92,1679.44,2822.25,17.23,96.6,Normal
2026-08-21,DMA-01,Sonia Vihar North,20634.77,16684.98,700.94,779.71,2469.15,3949.8,19.14,97.7,Normal
2026-08-21,DMA-02,Sonia Vihar Central,22808.38,18032.06,804.2,765.59,3206.53,4776.33,20.94,97.3,Normal
2026-08-21,DMA-03,Bhagirathi Corridor,18845.6,14503.61,650.82,659.12,3032.05,4341.99,23.04,100.5,Normal
2026-08-21,DMA-04,Yamuna Bank Pocket,15615.1,12336.7,561.03,550.76,2166.6,3278.4,21.0,95.9,Normal
2026-08-21,DMA-05,Wazirabad Link,17460.81,13826.88,590.74,649.69,2393.5,3633.93,20.81,96.2,Normal
2026-08-21,DMA-06,Sangam Extension,15986.09,13294.89,580.01,583.12,1528.08,2691.21,16.83,97.4,Normal
2026-08-22,DMA-01,Sonia Vihar North,20813.11,16839.95,716.26,748.29,2508.6,3973.15,19.09,96.5,Normal
2026-08-22,DMA-02,Sonia Vihar Central,24013.23,19510.36,801.18,842.58,2859.11,4502.86,18.75,97.8,Normal
2026-08-22,DMA-03,Bhagirathi Corridor,20065.68,15300.38,698.32,647.36,3419.62,4765.3,23.75,96.5,Normal
2026-08-22,DMA-04,Yamuna Bank Pocket,16629.18,13572.79,549.39,618.68,1888.32,3056.39,18.38,98.3,Normal
2026-08-22,DMA-05,Wazirabad Link,18230.39,14051.96,682.69,635.21,2860.53,4178.44,22.92,97.6,Normal
2026-08-22,DMA-06,Sangam Extension,16789.84,13635.43,607.41,599.19,1947.81,3154.4,18.79,97.6,Normal
2026-08-23,DMA-01,Sonia Vihar North,20846.93,17295.65,756.1,820.34,1974.83,3551.27,17.03,96.7,Normal
2026-08-23,DMA-02,Sonia Vihar Central,22434.92,17607.09,769.78,789.64,3268.41,4827.83,21.52,97.9,Normal
2026-08-23,DMA-03,Bhagirathi Corridor,19386.18,14967.25,678.63,606.36,3133.94,4418.93,22.79,96.9,Normal
2026-08-23,DMA-04,Yamuna Bank Pocket,16124.54,12925.27,593.89,531.29,2074.09,3199.27,19.84,96.8,Normal
2026-08-23,DMA-05,Wazirabad Link,18886.99,14646.3,639.95,722.78,2877.97,4240.69,22.45,97.7,Normal
2026-08-23,DMA-06,Sangam Extension,17745.67,14578.76,607.94,590.15,1968.82,3166.91,17.85,97.7,Normal
2026-08-24,DMA-01,Sonia Vihar North,20049.61,16219.93,706.56,713.76,2409.37,3829.68,19.1,96.9,Normal
2026-08-24,DMA-02,Sonia Vihar Central,22385.35,18096.94,824.22,781.66,2682.53,4288.41,19.16,97.8,Normal
2026-08-24,DMA-03,Bhagirathi Corridor,19124.9,14606.28,643.97,607.77,3266.88,4518.62,23.63,99.4,Normal
2026-08-24,DMA-04,Yamuna Bank Pocket,15614.95,12581.14,522.49,540.24,1971.07,3033.81,19.43,96.0,Normal
2026-08-24,DMA-05,Wazirabad Link,16847.13,13205.88,599.52,593.3,2448.44,3641.25,21.61,97.1,Normal
2026-08-24,DMA-06,Sangam Extension,16537.21,13165.82,601.7,644.3,2125.38,3371.39,20.39,95.1,Normal
2026-08-25,DMA-01,Sonia Vihar North,19426.58,15525.66,713.6,639.85,2547.47,3900.91,20.08,97.3,Normal
2026-08-25,DMA-02,Sonia Vihar Central,22595.95,17803.42,771.93,778.08,3242.52,4792.53,21.21,95.3,Normal
2026-08-25,DMA-03,Bhagirathi Corridor,19099.28,14754.42,675.31,639.78,3029.77,4344.86,22.75,96.9,Normal
2026-08-25,DMA-04,Yamuna Bank Pocket,15521.36,12305.95,543.88,535.48,2136.05,3215.4,20.72,98.5,Normal
2026-08-25,DMA-05,Wazirabad Link,16886.56,13127.98,565.4,589.48,2603.7,3758.58,22.26,97.3,Normal
2026-08-25,DMA-06,Sangam Extension,16211.41,13632.48,614.62,474.51,1489.8,2578.93,15.91,98.2,Normal
2026-08-26,DMA-01,Sonia Vihar North,20375.93,16705.47,703.65,734.85,2231.96,3670.46,18.01,97.1,Normal
2026-08-26,DMA-02,Sonia Vihar Central,22768.41,17991.0,818.46,827.92,3131.02,4777.4,20.98,96.8,Normal
2026-08-26,DMA-03,Bhagirathi Corridor,19078.37,14606.51,673.95,644.51,3153.4,4471.86,23.44,95.9,Normal
2026-08-26,DMA-04,Yamuna Bank Pocket,15750.28,12721.17,542.25,571.13,1915.73,3029.11,19.23,96.1,Normal
2026-08-26,DMA-05,Wazirabad Link,17228.03,13320.92,583.3,578.6,2745.21,3907.11,22.68,101.5,Normal
2026-08-26,DMA-06,Sangam Extension,16779.14,14027.85,575.63,554.3,1621.36,2751.29,16.4,95.0,Normal
